Country Name,Year,Data.Daily cigarettes,Data.Percentage.Male,Data.Percentage.Female,Data.Percentage.Total,Data.Smokers.Total,Data.Smokers.Female,Data.Smokers.Male,GDP per capita,Unemployment,Literacy,Health expenditure
Belize,2000,33.700001,9.1999998,16.700001,1.7,13092,1181,11911,4642.1470345998,10.869,0.7944,136.52131653
Costa Rica,2000,26.799999,9.6999998,14.0,5.3000002,260749,70529,190220,3773.03379319679,5.08,0.94104,247.7019043
Estonia,2000,21.4,28.5,42.700001,17.0,320459,104867,215592,4070.60902410208,13.36,0.99722,209.71313477
Ghana,2000,12.4,4.5999999,8.1000004,1.0,503576,53551,450024,253.380211399084,10.46,0.60664,16.27483559
Latvia,2000,23.0,30.6,48.5,16.0,598764,172334,426429,3361.64086880275,14.21,0.99626,181.57072449
Malaysia,2000,15.8,21.1,40.200001,1.6,3302524,125135,3177389,4087.56259349384,3.0,0.88009,111.94893646
Mauritius,2000,21.5,18.200001,34.400002,2.5999999,160555,11537,149018,3929.08173176636,9.142,0.89776,115.9647522
Mongolia,2000,11.8,22.5,40.5,4.6999998,351258,36732,314526,463.853881903101,6.086,0.97314,26.41833878
Panama,2000,21.5,9.0,14.5,3.4000001,186232,35106,151126,4099.00653989315,6.051,0.84127,301.52563477
Papua New Guinea,2000,14.9,38.099998,54.5,21.299999,1223775,338371,885404,639.279199918609,2.92,0.60859,18.93960762
Tajikistan,2000,10.9,16.1,29.9,2.5999999,569906,45764,524142,137.18190923442,15.134,0.99934,5.91732073
Thailand,2000,12.5,22.4,43.200001,2.8,10566834,671005,9895829,2004.10704225596,2.39,0.9603,62.15243912
Argentina,2001,17.6,23.6,27.5,20.0,6378514,2797441,3581073,7168.97587232911,17.32,0.9334,671.36853027
Armenia,2001,26.0,26.4,55.099998,2.3,605465,28353,577112,676.150011307766,10.933,0.99273,31.41045189
Bangladesh,2001,5.4000001,22.9,42.799999,1.4,19575053,582470,18992582,410.048540904043,3.618,0.65108,8.41617775
Bolivia,2001,2.2,33.5,46.400002,21.1,1756645,564319,1192326,930.875731258944,2.479,0.79344,44.91654968
Bulgaria,2001,25.200001,35.599998,45.400002,26.5,2393072,922215,1470858,1770.90677898958,19.92,0.97916,119.82997894
Croatia,2001,24.700001,26.1,32.799999,20.0,964064,388511,575554,5364.01024143422,15.82,0.9803,388.32489014
Cyprus,2001,22.200001,33.599998,46.900002,21.200001,186618,60716,125902,14821.447265625,3.98,0.96772,782.16162109
Ecuador,2001,20.299999,7.0,10.9,3.0999999,586706,131507,455199,1904.81367007224,4.25,0.89277,71.49367523
Greece,2001,24.1,39.099998,49.0,29.6,3662629,1417189,2245440,12549.036894906,10.46,0.95524,1004.81542969
India,2001,10.1,15.9,28.5,2.5999999,111820102,8659711,103160392,449.911124933268,7.957,0.68616,19.72481918
Lithuania,2001,18.9,25.1,41.099998,11.6,704367,176672,527695,3525.79363185461,16.84,0.99491,218.81802368
Namibia,2001,6.8000002,16.5,24.0,9.6000004,190591,56846,133745,1916.25589932504,20.856,0.82857,182.13613892
Nepal,2001,5.4000001,34.799999,47.299999,23.1,4922853,1677245,3245609,240.705159164552,10.566,0.65541,10.26470375
Niger,2001,9.5,5.3000002,8.6999998,2.0,315619,61682,253938,203.526488796105,1.47,0.22702,9.59174156
Sri Lanka,2001,8.0,12.0,23.0,1.4,1686603,95734,1590869,832.427319625871,7.9,0.9723,41.30504227
Ukraine,2001,17.799999,30.6,53.200001,11.8,12307585,2604269,9703317,807.801940917969,11.06,0.99135,44.77453232
Algeria,2002,18.0,15.2,29.5,0.69999999,3378788,80134,3298655,1794.811114232,25.9,0.76121,66.94760132
Benin,2002,6.4000001,8.1999998,14.2,2.5,332038,51970,280068,564.379058062222,0.69,0.39159,17.17604637
Chile,2002,9.6000004,33.0,35.599998,30.6,3832320,1812037,2020283,4479.17504395379,10.17,0.91211,322.87405396
Cuba,2002,34.599998,18.6,23.799999,13.4,1648442,592893,1055549,3007.19307369322,3.31,0.99714,213.95626831
Dominican Republic,2002,16.299999,12.0,14.6,9.3999996,707440,278265,429176,3085.51786572269,6.78,0.87655,153.85899353
Georgia,2002,26.299999,22.5,43.599998,4.5,828200,88474,739726,853.526171868939,12.59,0.99535,67.17492676
Guatemala,2002,11.5,7.6999998,13.8,2.2,509286,74820,434466,1682.99450068936,2.767,0.68216,107.24440002
Paraguay,2002,19.6,14.1,21.9,6.1999998,492466,106736,385730,1361.24928059287,9.39,0.94313,64.76425171
Romania,2002,23.1,24.5,35.900002,13.8,4495822,1308250,3187572,2119.85509684554,8.11,0.96576,96.57698822
Senegal,2002,14.9,9.1000004,17.700001,1.2,523657,35233,488424,688.187480033309,5.65,0.4236,27.20366478
Tanzania,2002,8.8000002,10.8,20.299999,1.6,2140603,158376,1982227,400.427551269531,3.031,0.7213,16.92565536
Uganda,2002,4.3000002,11.2,20.0,2.5,1472066,164468,1307598,241.86893022857,3.5,0.74221,15.73926926
Burkina Faso,2003,2.8,11.5,17.200001,6.3000002,776310,220916,555394,363.81835185104,2.78,0.22242,11.43507481
Haiti,2003,5.0,8.6000004,13.4,4.0999999,474596,116684,357912,575.556830068016,11.999,0.53843,18.49892044
Jordan,2003,16.1,25.700001,42.200001,8.0,786644,118183,668461,1889.4378392036,14.5,0.92463,172.24946594
Oman,2003,47.799999,7.0999999,11.9,0.60000002,108467,3629,104838,8896.90253020963,4.255,0.84391,282.28857422
Serbia,2003,27.299999,31.1,38.5,24.1,2541714,1013403,1528311,3005.42635224484,15.2,0.95329,230.08865356
Brazil,2004,29.5,15.9,19.299999,12.6,21045994,8553817,12492177,3623.22390486815,10.07,0.81266,294.3838501
Cambodia,2004,9.8999996,20.700001,39.5,4.0,1719099,176810,1542289,410.086132919785,1.134,0.85477,29.03012466
Chad,2004,1.8,7.0999999,12.3,2.0,347067,48860,298207,460.067018066196,0.805,0.29931,28.63477135
Indonesia,2004,10.8,28.5,54.200001,3.0999999,44133173,2391781,41741390,1136.75521127965,7.3,0.91921,26.21132469
Mexico,2004,14.6,10.9,17.0,5.4000001,7998155,2097079,5901076,7525.4874609367,3.94,0.89331,448.06021118
Moldova,2004,23.5,19.200001,36.200001,4.0999999,587556,67215,520341,897.178494749468,8.17,0.98509,64.60713959
Morocco,2004,16.200001,13.6,27.4,0.60000002,2791628,66311,2725317,2177.798828125,10.83,0.48457,90.9294281
Peru,2004,5.5999999,11.1,16.799999,5.5,2058308,509170,1549138,2393.66589710452,4.71,0.78881,105.008255
Sierra Leone,2004,4.3000002,17.299999,29.299999,5.6999998,489179,82054,407125,258.473168803963,3.42,0.38499,28.69672775
Spain,2004,22.4,27.9,32.900002,23.0,10165195,4302704,5862490,24907.0008505856,11.09,0.98073,1924.27087402
Bhutan,2005,28.1,10.8,16.700001,3.7,46464,7275,39189,1201.43364840454,3.1,0.61636,46.69151688
Burkina Faso,2005,2.5999999,11.0,17.6,4.8000002,786561,179017,607543,442.944430923244,4.0,0.24519,17.50115776
Colombia,2005,16.1,11.7,17.1,6.5,3487442,1002546,2484896,3448.53827356214,11.87,0.88527,209.25302124
Greece,2005,24.4,39.700001,47.599998,32.200001,3755221,1553191,2202030,22560.1472939077,9.99,0.9704,1935.26757813
Madagascar,2005,3.9000001,17.5,31.799999,3.5,1768705,177422,1591283,311.793126597148,2.62,0.78589,16.22141075
Mexico,2005,14.4,10.5,16.6,5.0999999,7898130,2038105,5860025,8321.85985639121,3.56,0.85618,485.67388916
Nicaragua,2005,13.9,10.6,16.299999,5.0,358420,87356,271064,1158.88132263158,5.37,0.72262,72.13689423
Niger,2005,9.1999998,5.0,8.3000002,1.9,339158,63492,275666,316.365647830517,3.1,0.44988,18.53794861
Pakistan,2005,16.1,17.1,28.6,4.9000001,16684418,2348653,14335765,688.500587937743,0.591,0.57416,19.6673584
Peru,2005,5.4000001,11.1,16.9,5.4000001,2099415,511009,1588405,2702.23770075461,4.87,0.80694,123.05088806
Spain,2005,22.200001,27.4,32.0,22.9,10152824,4347130,5805694,26429.1509449319,9.15,0.98321,2060.32177734
Thailand,2005,13.5,19.6,38.0,2.3,9967910,597950,9369960,2876.24575803293,1.35,0.96039,90.88136292
United Arab Emirates,2005,18.700001,14.8,19.9,1.5,489986,14131,475854,42190.5543794633,3.12,0.85054,978.90435791
Algeria,2006,21.6,12.3,23.700001,0.69999999,3051530,90939,2960591,3500.13460988746,12.27,0.80408,117.43313599
Brazil,2006,28.799999,15.3,18.799999,11.9,20918224,8390628,12527597,5866.02431314405,9.69,0.82326,483.91915894
Burkina Faso,2006,2.4000001,10.8,17.9,4.1999998,797067,160277,636790,457.342074945007,3.658,0.2144,20.64653969
Colombia,2006,15.5,11.4,16.799999,6.3000002,3482269,988070,2494199,3782.60350413031,10.963,0.88514,239.38911438
El Salvador,2006,16.9,9.3000002,17.4,2.4000001,367639,51575,316063,2651.43088765876,6.57,0.82304,230.50076294
Indonesia,2006,10.8,28.6,53.799999,3.5999999,45525517,2845032,42680483,1572.79793977879,7.55,0.93343,44.80917358
Kuwait,2006,20.9,23.200001,35.299999,3.0,418233,20200,398033,42970.6631297395,1.3,0.99728,782.64221191
Maldives,2006,26.1,18.700001,31.0,6.3000002,37745,6353,31391,5010.16342385998,8.783,0.9866,403.23681641
Mali,2006,8.1000004,10.2,17.5,3.0,672540,98679,573861,506.911838801283,1.311,0.32249,27.65664291
Mexico,2006,14.3,10.1,16.0,4.9000001,7708635,1964860,5743775,9125.3877388645,3.57,0.89006,516.06396484
Pakistan,2006,16.1,16.700001,28.1,4.9000001,16826083,2385721,14440362,770.843339358325,0.58,0.60954,24.65777876
Peru,2006,5.0999999,11.2,17.0,5.3000002,2138808,512763,1626045,3123.32015935927,4.17,0.81867,135.87088013
Senegal,2006,13.0,7.9000001,15.5,1.0,513616,32203,481413,1038.57909218166,10.03,0.44028,39.08563995
Spain,2006,22.0,26.799999,31.1,22.6,10088801,4341839,5746962,28389.0785799873,8.45,0.98316,2242.15893555
Sri Lanka,2006,8.3999996,11.5,22.4,0.89999998,1725276,71801,1653475,1423.19062298397,6.5,0.96895,64.823349
Tonga,2006,10.7,35.900002,46.5,25.700001,22601,8244,14356,2751.96001692789,1.09,1.00534,149.31607056
Uganda,2006,3.7,9.3999996,17.200001,1.8,1421636,132773,1288863,346.768462407263,2.276,0.78165,31.62604523
Uruguay,2006,23.799999,24.4,28.799999,20.4,620714,273202,347512,5942.1266667126,10.84,0.9873,495.71600342
Azerbaijan,2007,15.5,21.0,42.700001,0.80000001,1395636,29041,1366595,3851.33101236931,6.33,0.9954,74.08601379
Bolivia,2007,2.8,26.6,41.0,12.7,1609085,390728,1218357,1351.03515410788,2.643,0.83362,63.45651245
Brazil,2007,28.1,14.9,18.4,11.6,20738291,8298439,12439851,7323.19034003928,9.28,0.83012,600.63568115
Burkina Faso,2007,2.3,10.6,18.1,3.7,812302,144757,667545,516.75032795654,3.3,0.30501,27.04532623
Cameroon,2007,13.8,7.1999998,13.5,0.89999998,765952,47713,718240,1311.00296320709,3.06,0.66212,48.61966705
Colombia,2007,14.7,11.2,16.6,6.0999999,3483700,974981,2508720,4762.08297292255,10.25,0.88673,309.03665161
Dominican Republic,2007,16.1,10.7,13.0,8.3999996,698668,275927,422742,4676.07911069651,5.16,0.87606,191.22145081
Ecuador,2007,19.799999,6.0,9.1000004,3.0,584874,148242,436632,3579.03224391806,3.14,0.87131,191.11447144
El Salvador,2007,17.200001,9.1999998,17.200001,2.4000001,369778,51605,318172,2814.58988893523,6.41,0.80273,238.63465881
Ethiopia,2007,6.0,3.9000001,7.0,0.89999998,1695040,190390,1504650,240.347971955032,2.436,0.40367,11.78915215
Greece,2007,23.700001,39.099998,45.900002,32.599998,3709871,1580154,2129716,28863.9732885018,8.4,0.90104,2426.75952148
Honduras,2007,14.3,11.5,21.200001,2.0999999,507876,46653,461223,1559.88604406996,3.21,0.82886,126.1158905
Kuwait,2007,21.1,23.5,35.700001,3.0,447159,21515,425644,45729.8060441175,1.5,0.99741,881.10369873
Mexico,2007,14.1,9.6999998,15.4,4.5999999,7536182,1908420,5627762,9719.9278639964,3.63,0.8767,560.4942627
Moldova,2007,29.0,19.1,36.099998,4.0999999,577174,66125,511049,1531.21618929808,5.07,0.98778,135.44366455
Pakistan,2007,16.1,16.4,27.5,4.8000002,16980363,2422430,14557934,837.631537927295,0.4,0.59171,26.51110383
Paraguay,2007,21.6,12.3,19.200001,5.4000001,492219,106095,386125,3194.26298162817,4.71,0.95545,160.36560059
Peru,2007,4.9000001,11.2,17.1,5.1999998,2175099,512963,1662136,3572.36358879114,4.08,0.82196,158.16543579
Spain,2007,21.700001,26.200001,30.5,22.1,10049238,4323078,5726160,32591.3503065871,8.23,0.98689,2606.27783203
Tunisia,2007,19.299999,24.0,45.0,3.5999999,1859882,140782,1719100,3678.06152258903,12.36,0.75607,199.6681366
Uruguay,2007,24.6,23.6,27.9,19.700001,604913,265621,339292,7149.37463386796,9.4,0.98632,572.52435303
Albania,2008,19.200001,19.1,34.900002,3.4000001,455797,40251,415547,4370.53971115737,13.06,0.96574,240.44338989
Algeria,2008,23.299999,11.4,21.9,0.80000001,2962131,101419,2860712,4946.56401720759,11.33,0.79677,207.84881592
Bolivia,2008,2.9000001,25.200001,39.599998,11.3,1562181,355381,1206800,1687.57856734657,2.6,0.83337,77.74305725
Brazil,2008,27.0,14.6,18.0,11.4,20612448,8268533,12343915,8801.75947547502,8.27,0.8271,705.13397217
Burundi,2008,7.0999999,12.8,18.299999,7.5999999,618694,184917,433777,194.710634589705,1.63,0.64604,17.98236084
Cambodia,2008,10.2,19.700001,37.5,3.5999999,1832620,178254,1654366,742.397972379419,0.82,0.82404,49.00638199
Chile,2008,10.2,28.1,31.299999,25.0,3630699,1647383,1983316,10783.1708210632,9.29,0.94944,726.73669434
Colombia,2008,13.8,11.0,16.4,5.8000002,3490329,958044,2532285,5534.68944688199,10.52,0.88827,378.18411255
Ecuador,2008,18.700001,6.0999999,9.1999998,3.0,601798,149541,452257,4260.43318396471,3.92,0.88172,229.09944153
El Salvador,2008,17.4,9.1000004,17.1,2.4000001,373409,51978,321431,2964.172140237,5.88,0.83042,251.8334198
Indonesia,2008,10.9,28.9,54.400002,3.5999999,47372684,2981524,44391159,2144.38954419985,7.21,0.93282,59.79582214
Mexico,2008,13.9,9.3999996,14.9,4.5,7440285,1883048,5557237,10119.8210567984,3.87,0.87477,576.71539307
Morocco,2008,15.1,13.5,27.1,0.69999999,2960302,77205,2883098,3180.17065429688,9.57,0.53991,153.10005188
Oman,2008,41.299999,7.9000001,12.8,0.69999999,140499,5101,135397,22974.2773504319,4.14,0.90119,462.29165649
Pakistan,2008,16.1,16.200001,27.1,4.6999998,17145278,2458253,14687025,914.731489303734,0.42,0.65056,24.80974933
Paraguay,2008,22.1,12.0,18.799999,5.1999998,492697,105775,386922,4360.42910071309,4.42,0.91695,219.66795349
Spain,2008,21.4,25.700001,30.0,21.700001,9999135,4289375,5709760,35510.7222312701,11.25,0.9866,2995.18603516
Sri Lanka,2008,8.1999998,11.6,22.799999,0.89999998,1778265,73069,1705196,2007.02666020999,5.22,0.96911,91.52586365
Sudan,2008,16.1,5.5999999,9.6999998,1.6,1382032,193047,1188985,1585.58251953125,14.8,0.82688,92.22005463
Tunisia,2008,19.0,24.1,44.900002,3.8,1897877,152583,1745294,4200.17378015743,12.44,0.75585,227.52876282
Uruguay,2008,25.299999,22.9,27.200001,19.1,591262,258597,332665,9328.06585662206,8.03,0.98797,803.44226074
Azerbaijan,2009,16.5,21.6,43.700001,0.89999998,1493864,31062,1462802,4950.39743713656,5.74,1.00042,126.94858551
Belarus,2009,28.4,25.299999,43.400002,10.0,2046281,441437,1604844,5352.48959072155,6.1,0.99106,281.03240967
Bolivia,2009,3.0,24.700001,39.0,10.9,1569468,351060,1218408,1725.14628617645,2.97,0.86243,89.26693726
Brazil,2009,26.200001,14.4,17.6,11.3,20627616,8325247,12302368,8569.90180523381,9.42,0.83397,719.42651367
Cambodia,2009,10.3,19.4,37.0,3.5999999,1858134,179056,1679078,734.815118591223,0.58,0.81361,55.72327423
Chile,2009,9.8999996,28.200001,31.6,25.0,3710267,1673561,2036706,10182.8605646819,11.31,0.94569,738.284729
Colombia,2009,12.8,11.1,16.799999,5.6999998,3591359,953442,2637917,5245.9516649172,11.32,0.89576,383.43283081
Ecuador,2009,17.700001,6.0999999,9.3000002,3.0,621904,151570,470334,4240.70259271564,4.61,0.88083,241.67927551
El Salvador,2009,17.6,9.1000004,17.1,2.3,378491,52827,325664,2889.68588721937,7.33,0.82006,255.38142395
Greece,2009,22.5,38.099998,43.599998,32.799999,3617641,1590353,2027287,29828.7560245271,9.62,0.91542,2809.05957031
Indonesia,2009,10.9,29.200001,55.0,3.5,48552921,2953298,45599622,2239.09526528198,6.11,0.93324,62.98189545
Kazakhstan,2009,21.200001,23.5,42.799999,6.3000002,2787315,392633,2394682,7165.22479413309,6.55,0.99753,245.9894104
Mexico,2009,14.0,9.3000002,14.7,4.5,7514808,1910129,5604678,8104.92257319862,5.36,0.88605,496.81427002
Moldova,2009,32.900002,19.200001,36.299999,4.1999998,574764,66909,507855,1898.43968295549,6.4,0.99194,208.53004456
Morocco,2009,14.8,13.4,27.0,0.69999999,3004072,80706,2923366,3118.1416015625,8.96,0.55539,165.44444275
Mozambique,2009,4.9000001,11.3,19.9,3.5,1439937,232116,1207821,531.026967149674,3.19,0.53417,27.63427162
Pakistan,2009,16.1,15.9,26.700001,4.6999998,17327739,2495907,14831831,884.44101417044,0.54,0.60841,23.664251
Paraguay,2009,22.5,11.8,18.5,5.0999999,496441,106080,390361,3920.18607347104,5.46,0.92406,216.58901978
Senegal,2009,12.0,7.1999998,14.3,0.80000001,513357,30704,482653,1323.9712249327,10.194,0.47411,50.8613205
South Africa,2009,12.4,14.5,20.9,8.5,5161060,1587899,3573161,6444.18672009771,20.51,0.90017,492.94265747
Spain,2009,21.200001,25.299999,29.6,21.200001,9894596,4232287,5662308,32169.5028548583,17.86,0.98777,2937.71826172
Togo,2009,24.9,6.0999999,11.2,1.2,214949,21439,193510,717.677304981008,2.875,0.59821,29.0416832
Uruguay,2009,25.9,22.4,26.6,18.5,580974,252997,327977,9780.73947340076,7.74,1.01174,817.64227295
Vietnam,2009,14.8,20.200001,40.0,1.4,13515037,478378,13036659,1225.84500946092,1.74,0.94889,64.89073181
Azerbaijan,2010,16.799999,21.9,44.299999,0.89999998,1540019,31967,1508052,5843.5337683582,5.63,1.00037,142.61262512
Brazil,2010,25.0,14.2,17.299999,11.2,20588408,8384267,12204141,11249.2937410718,8.034,0.82854,893.77508545
Cameroon,2010,13.6,7.0,13.6,0.60000002,818620,32705,785915,1383.81386416854,4.11,0.63637,49.50485611
Chile,2010,9.6999998,28.4,31.799999,25.0,3786592,1702645,2083947,12767.7820406263,8.41,0.94749,870.70959473
Colombia,2010,11.8,11.2,17.200001,5.5999999,3713005,956073,2756932,6392.75802564032,10.98,0.89882,452.15301514
Dominican Republic,2010,14.5,10.9,13.2,8.6000004,751484,299308,452177,5509.56805406696,5.21,0.89087,271.26663208
Ecuador,2010,16.799999,6.1999998,9.5,3.0,643370,154117,489254,4640.24634437845,4.09,0.87649,283.82284546
El Salvador,2010,17.6,9.1000004,17.1,2.4000001,385591,54147,331444,3017.3073947577,4.89,0.82181,268.66708374
Ghana,2010,15.3,3.8,6.8000002,1.0,563602,73029,490572,1258.96390342222,5.38,0.71181,71.61212158
Guinea,2010,1.8,6.3000002,11.2,1.4,390739,45147,345593,667.281601915278,4.782,0.35749,22.87328911
Honduras,2010,12.6,11.3,21.0,1.9,545677,46219,499458,1874.27170372599,4.12,0.84318,163.53704834
Jordan,2010,13.4,25.6,42.400002,8.1000004,1074351,165824,908527,3914.70123105389,12.5,0.93656,319.84109497
Kuwait,2010,21.5,24.0,36.5,3.0999999,537624,25796,511828,39212.6352806064,1.82,0.99263,1050.42126465
Malaysia,2010,15.7,18.9,37.700001,1.2,3864928,124075,3740853,8880.14603964288,3.39,0.9365,285.02639771
Mali,2010,8.6000004,10.3,17.6,3.0,763965,110698,653266,688.327865548408,1.333,0.38644,32.20457458
Mexico,2010,13.4,9.5,14.9,4.5999999,7810113,2005244,5804869,9399.96470859669,5.3,0.88094,539.26550293
Moldova,2010,34.599998,19.4,36.700001,4.3000002,578451,67851,510601,2436.7993586401,7.45,0.99196,198.28894043
Mongolia,2010,13.3,24.6,44.099998,5.5999999,486670,56230,430440,2660.28817572742,6.55,0.97163,99.48032379
Oman,2010,37.400002,8.3999996,13.2,0.80000001,170948,5869,165079,22552.1990071233,4.007,0.91014,558.36657715
Pakistan,2010,16.0,15.7,26.299999,4.5999999,17530431,2540134,14990298,911.089996122843,0.65,0.61844,24.20984124
Panama,2010,29.6,8.1999998,13.3,3.0999999,213361,39826,173535,8124.55830734871,5.875,0.8793,608.2467041
Paraguay,2010,22.799999,11.7,18.299999,5.0,501785,106766,395018,4702.91576988272,4.57,0.92679,257.05856323
South Africa,2010,12.1,14.6,21.1,8.6000004,5265381,1622558,3642822,8059.56284101092,23.18,0.89687,628.12860107
Spain,2010,20.9,25.0,29.299999,20.9,9831673,4191880,5639793,30532.4805081663,19.86,0.98892,2789.63720703
Sri Lanka,2010,8.1000004,11.8,23.4,1.0,1840304,76314,1763990,2836.97409785065,4.78,0.97199,106.14399719
Thailand,2010,12.8,19.5,37.799999,2.3,10462808,627726,9835082,4996.37209760091,0.62,0.99721,169.38200378
Tunisia,2010,18.5,24.299999,45.0,4.3000002,1975510,176285,1799224,4241.01190951928,13.05,0.77074,237.90208435
Uganda,2010,2.9000001,8.1000004,14.6,1.5,1399248,132844,1266404,824.737671173843,3.587,0.7776,51.96447372
Uruguay,2010,25.9,22.200001,26.5,18.4,580853,252306,328547,12512.5941268441,7.16,0.98918,1032.65795898
Zambia,2010,6.4000001,11.3,20.6,2.0999999,792719,72404,720315,1469.36145002684,13.19,0.79025,54.64538956
Afghanistan,2011,5.0999999,11.9,21.200001,2.5,1800309,186782,1613527,621.912413814308,7.947,0.44478,52.36304855
Albania,2011,19.700001,20.1,36.700001,3.8,494981,46461,448520,4437.14114631148,13.48,0.98363,271.95718384
Armenia,2011,23.4,26.6,51.299999,1.7,626850,20498,606352,3462.6817742332,10.917,0.99665,324.65719604
Azerbaijan,2011,17.0,22.200001,44.700001,0.89999998,1582090,32782,1549308,7189.81515142228,5.42,1.00035,172.39854431
Bangladesh,2011,3.2,22.4,43.0,1.4,23586140,724048,22862092,856.381886818701,3.75,0.73623,23.28593445
Bolivia,2011,3.0999999,24.4,38.5,10.7,1620867,360349,1260519,2304.98229547312,2.25,0.85976,119.23861694
Brazil,2011,23.799999,14.0,16.9,11.2,20620992,8468347,12152644,13200.5581661879,7.58,0.84332,1028.0847168
Bulgaria,2011,18.1,33.599998,40.799999,26.9,2148719,888978,1259741,7856.9859584228,11.26,0.97951,555.86419678
Chile,2011,9.3999996,28.5,32.0,25.1,3858663,1732473,2126190,14628.5724573037,7.32,0.93613,994.66607666
Colombia,2011,10.9,11.3,17.299999,5.5999999,3798307,974158,2824148,7392.9435995632,10.11,0.89641,501.26507568
Costa Rica,2011,19.1,12.2,16.5,7.6999998,435146,136745,298401,9137.45510202159,9.52,0.97016,742.14190674
Croatia,2011,27.1,28.0,36.099998,20.700001,1027558,396421,631137,14623.9905306334,13.68,0.99139,1132.49890137
Cyprus,2011,29.200001,31.200001,46.400002,17.299999,226357,65056,161301,32485.802734375,7.86,0.99097,2114.66894531
Dominican Republic,2011,14.0,11.0,13.3,8.6999998,772920,308817,464104,5859.38154480292,6.09,0.89118,295.19439697
Ecuador,2011,15.8,6.3000002,9.6999998,2.9000001,664815,156846,507968,5202.65645902066,3.46,0.85323,336.99700928
El Salvador,2011,17.5,9.1999998,17.200001,2.4000001,393445,55704,337741,3304.97418347889,4.3,0.83266,293.3677063
Estonia,2011,23.799999,26.5,38.599998,16.5,300708,102641,198068,17487.8047830923,12.33,0.99957,1015.96826172
Greece,2011,21.5,36.400002,41.099998,31.9,3460576,1548718,1911859,25483.8825644933,17.86,0.96659,2338.91503906
Honduras,2011,12.2,11.3,21.0,1.8,560704,46308,514397,2053.95973112624,4.47,0.84131,180.58157349
India,2011,8.6000004,12.6,21.799999,2.8,107702210,11823775,95878431,1449.60330101065,8.168,0.75525,48.32049179
Indonesia,2011,10.9,29.9,56.700001,3.3,51336886,2865893,48470994,3613.80088834845,5.15,0.93948,108.03186035
Jordan,2011,13.1,25.700001,42.599998,8.1999998,1133394,175960,957434,4152.49398098582,12.9,1.0,338.34609985
Latvia,2011,16.5,29.299999,44.700001,16.6,565843,174434,391409,13338.9622350852,16.21,0.99847,764.59173584
Lithuania,2011,13.5,25.799999,40.400002,13.6,720261,206636,513624,14376.9478643932,15.39,0.99764,925.47161865
Mali,2011,8.6999998,10.3,17.700001,3.0,786396,113256,673140,810.182556519339,1.352,0.39684,32.52763748
Malta,2011,40.599998,21.9,26.799999,17.1,79181,31015,48166,23155.1148403386,6.38,1.0017,1960.06115723
Mauritius,2011,24.799999,18.1,33.799999,2.8,177126,14107,163019,9197.04299089459,7.45,0.9312,385.77191162
Mexico,2011,12.6,9.6999998,15.2,4.8000002,8167695,2124837,6042858,10341.5002378026,5.17,0.88716,570.73046875
Montenegro,2011,23.700001,26.6,34.400002,19.1,133302,49114,84188,7328.79046472761,19.76,0.98494,572.46990967
Namibia,2011,5.9000001,14.5,21.5,8.1999998,201965,59806,142160,5873.05938103204,19.46,0.85613,569.14294434
Nepal,2011,5.6999998,23.9,34.400002,14.5,4126481,1327321,2799161,791.225576713285,10.503,0.69396,34.39584351
Pakistan,2011,16.0,15.5,25.9,4.5999999,17778322,2590446,15187875,1075.45102015496,0.8,0.5988,25.67299627
Portugal,2011,15.0,21.700001,30.4,13.7,1960307,644121,1316187,23217.2954965209,12.68,0.95105,2255.96923828
Romania,2011,19.6,26.5,36.099998,17.5,4904420,1676205,3228214,9560.15838000631,7.18,0.98449,426.59973145
Samoa,2011,20.1,22.4,31.5,12.7,25965,7166,18799,3789.62647754408,5.68,0.99433,210.11923218
Senegal,2011,11.5,7.0,13.8,0.80000001,527115,30388,496727,1383.53911732143,10.36,0.58774,58.30465698
Serbia,2011,23.9,26.700001,32.200001,21.6,2138205,891003,1247201,6809.15980400146,22.97,0.97571,618.89422607
South Africa,2011,11.9,14.7,21.299999,8.6000004,5375874,1648305,3727569,8737.04111019993,21.42,0.90225,694.10058594
Spain,2011,20.5,24.799999,29.1,20.700001,9788908,4165715,5623193,31677.9003083654,21.39,0.99271,2908.92016602
Togo,2011,24.700001,6.0999999,11.3,1.2,229939,22640,207299,779.763519741879,1.98,0.60975,35.2552681
Tonga,2011,11.3,33.900002,44.099998,24.0,22168,8027,14140,3852.14378759566,1.453,0.99956,155.88771057
Tunisia,2011,18.299999,24.4,45.099998,4.5,2014204,187039,1827165,4361.94808936698,18.33,0.77751,267.08099365
Uruguay,2011,25.700001,22.200001,26.5,18.299999,583545,253128,330417,14975.5625602187,6.31,0.98121,1232.04626465
Albania,2012,19.9,20.5,37.299999,3.9000001,509040,48426,460614,4247.63135624709,13.38,0.97876,259.52676392
Azerbaijan,2012,17.0,22.4,45.200001,0.89999998,1622189,33504,1588685,7495.86194235033,5.19,1.00044,217.79299927
Bangladesh,2012,3.0,22.4,42.900002,1.4,24013742,750115,23263625,876.818006772634,4.099,0.72073,23.89686203
Bhutan,2012,23.0,11.0,17.0,3.8,58540,9112,49428,2470.0721358991,2.05,0.62935,83.64318848
Bolivia,2012,3.0999999,24.4,38.400002,10.8,1660006,371434,1288572,2562.46678423329,2.07,0.90555,134.63066101
Brazil,2012,22.799999,13.8,16.700001,11.1,20734652,8580927,12153725,12327.5155558345,7.25,0.84449,953.703125
Cuba,2012,29.1,16.6,20.799999,12.3,1557423,579532,977890,6467.33791422804,3.46,0.99708,601.42425537
Dominican Republic,2012,13.6,11.1,13.4,8.8999996,794842,318322,476520,6049.47161121834,6.72,0.8996,305.4364624
Ecuador,2012,14.8,6.4000001,9.8000002,2.9000001,685996,159760,526236,5678.45572070003,3.23,0.86831,383.99121094
Guatemala,2012,10.5,6.3000002,11.2,1.9,562527,89364,473162,3355.03459892096,2.76,0.82446,200.33554077
Honduras,2012,11.9,11.3,21.0,1.8,576585,46635,529949,2107.34548058009,3.75,0.8612,182.42372131
Jordan,2012,12.9,25.799999,42.700001,8.1999998,1193396,186134,1007262,4386.4618185538,12.2,1.0,342.94042969
Kuwait,2012,21.799999,24.4,37.0,3.0999999,594458,28557,565901,51271.148649557,2.318,0.98018,1196.20715332
Madagascar,2012,5.6999998,13.6,26.1,1.4,1736849,89746,1647104,504.173737790664,0.6,0.70937,19.27203178
Mexico,2012,11.8,9.8999996,15.4,4.9000001,8496024,2235847,6260177,10376.0904951074,4.89,0.90223,587.82843018
Moldova,2012,36.299999,20.9,39.400002,4.5999999,611955,72125,539830,3044.80847876248,5.58,0.9914,223.61895752
Morocco,2012,14.0,13.5,27.0,0.69999999,3161489,89109,3072380,3164.00463867188,8.99,0.69915,172.05938721
Niger,2012,7.9000001,5.0,8.8000002,1.3,430969,54633,376336,525.047284446867,2.18,0.3992,22.56604767
Pakistan,2012,15.8,15.4,25.700001,4.5999999,18078040,2644928,15433113,1109.67873521456,1.864,0.63162,26.28877595
Paraguay,2012,23.200001,11.7,18.299999,5.0,523900,111452,412448,5621.24402638513,4.09,0.92508,367.14849854
Peru,2012,4.0,11.0,17.6,4.5999999,2345470,489620,1855850,6475.71941703429,3.24,0.86897,307.31854248
Rwanda,2012,36.700001,7.5999999,13.7,1.9,489280,64104,425176,706.139033962179,11.858,0.79115,57.216465
Sao Tome and Principe,2012,6.4000001,3.3,5.8000002,1.0,3649,579,3070,1319.90083269011,13.59,0.95858,86.12266541
South Africa,2012,11.8,14.9,21.700001,8.6999998,5491791,1669391,3822400,8173.8691381716,21.79,0.90283,654.25469971
Spain,2012,20.0,24.700001,29.0,20.6,9798622,4162598,5636023,28322.9465923276,24.79,0.9939,2590.2253418
Suriname,2012,108.9,6.0999999,10.0,2.3,23631,4457,19174,8922.95618613502,8.1,0.8876,409.34564209
Tanzania,2012,7.8000002,9.3000002,17.5,1.1,2439218,143262,2295956,854.543212890625,3.256,0.7699,41.63511276
Uganda,2012,2.5,7.8000002,14.1,1.5,1456756,141007,1315749,796.711139328563,3.55,0.77962,55.14218903
Uruguay,2012,25.4,22.200001,26.5,18.4,588429,255164,333264,16087.2520777973,6.45,0.98937,1332.7512207
