Country Name,Country Code,Year,GDP per capita,Unemployment,Literacy,Health expenditure
Belize,BLZ,2000,4642.1470345998,10.869,0.7944,136.52131653
Costa Rica,CRI,2000,3773.03379319679,5.08,0.94104,247.7019043
Estonia,EST,2000,4070.60902410208,13.36,0.99722,209.71313477
Ghana,GHA,2000,253.380211399084,10.46,0.60664,16.27483559
Latvia,LVA,2000,3361.64086880275,14.21,0.99626,181.57072449
Malaysia,MYS,2000,4087.56259349384,3.0,0.88009,111.94893646
Mauritius,MUS,2000,3929.08173176636,9.142,0.89776,115.9647522
Mongolia,MNG,2000,463.853881903101,6.086,0.97314,26.41833878
Panama,PAN,2000,4099.00653989315,6.051,0.84127,301.52563477
Papua New Guinea,PNG,2000,639.279199918609,2.92,0.60859,18.93960762
Tajikistan,TJK,2000,137.18190923442,15.134,0.99934,5.91732073
Thailand,THA,2000,2004.10704225596,2.39,0.9603,62.15243912
Argentina,ARG,2001,7168.97587232911,17.32,0.9334,671.36853027
Armenia,ARM,2001,676.150011307766,10.933,0.99273,31.41045189
Bangladesh,BGD,2001,410.048540904043,3.618,0.65108,8.41617775
Bolivia,BOL,2001,930.875731258944,2.479,0.79344,44.91654968
Bulgaria,BGR,2001,1770.90677898958,19.92,0.97916,119.82997894
Croatia,HRV,2001,5364.01024143422,15.82,0.9803,388.32489014
Cyprus,CYP,2001,14821.447265625,3.98,0.96772,782.16162109
Ecuador,ECU,2001,1904.81367007224,4.25,0.89277,71.49367523
Greece,GRC,2001,12549.036894906,10.46,0.95524,1004.81542969
India,IND,2001,449.911124933268,7.957,0.68616,19.72481918
Lao PDR,LAO,2001,320.419011071869,1.913,0.78427,14.47130299
Lithuania,LTU,2001,3525.79363185461,16.84,0.99491,218.81802368
Namibia,NAM,2001,1916.25589932504,20.856,0.82857,182.13613892
Nepal,NPL,2001,240.705159164552,10.566,0.65541,10.26470375
Niger,NER,2001,203.526488796105,1.47,0.22702,9.59174156
Sri Lanka,LKA,2001,832.427319625871,7.9,0.9723,41.30504227
Ukraine,UKR,2001,807.801940917969,11.06,0.99135,44.77453232
Algeria,DZA,2002,1794.811114232,25.9,0.76121,66.94760132
Benin,BEN,2002,564.379058062222,0.69,0.39159,17.17604637
Chile,CHL,2002,4479.17504395379,10.17,0.91211,322.87405396
Cuba,CUB,2002,3007.19307369322,3.31,0.99714,213.95626831
Dominican Republic,DOM,2002,3085.51786572269,6.78,0.87655,153.85899353
Georgia,GEO,2002,853.526171868939,12.59,0.99535,67.17492676
Guatemala,GTM,2002,1682.99450068936,2.767,0.68216,107.24440002
Paraguay,PRY,2002,1361.24928059287,9.39,0.94313,64.76425171
Romania,ROU,2002,2119.85509684554,8.11,0.96576,96.57698822
Russian Federation,RUS,2002,2377.52954101563,7.88,0.98956,140.39338684
Senegal,SEN,2002,688.187480033309,5.65,0.4236,27.20366478
Syrian Arab Republic,SYR,2002,5276.0647125394,10.955,0.87291,63.64098358
Tanzania,TZA,2002,400.427551269531,3.031,0.7213,16.92565536
Uganda,UGA,2002,241.86893022857,3.5,0.74221,15.73926926
Burkina Faso,BFA,2003,363.81835185104,2.78,0.22242,11.43507481
Haiti,HTI,2003,575.556830068016,11.999,0.53843,18.49892044
Jordan,JOR,2003,1889.4378392036,14.5,0.92463,172.24946594
Oman,OMN,2003,8896.90253020963,4.255,0.84391,282.28857422
Serbia,SRB,2003,3005.42635224484,15.2,0.95329,230.08865356
Brazil,BRA,2004,3623.22390486815,10.07,0.81266,294.3838501
Cambodia,KHM,2004,410.086132919785,1.134,0.85477,29.03012466
Chad,TCD,2004,460.067018066196,0.805,0.29931,28.63477135
Indonesia,IDN,2004,1136.75521127965,7.3,0.91921,26.21132469
Mexico,MEX,2004,7525.4874609367,3.94,0.89331,448.06021118
Moldova,MDA,2004,897.178494749468,8.17,0.98509,64.60713959
Morocco,MAR,2004,2177.798828125,10.83,0.48457,90.9294281
Peru,PER,2004,2393.66589710452,4.71,0.78881,105.008255
Sierra Leone,SLE,2004,258.473168803963,3.42,0.38499,28.69672775
Spain,ESP,2004,24907.0008505856,11.09,0.98073,1924.27087402
Syrian Arab Republic,SYR,2004,6241.05823212955,9.575,0.86053,60.79922104
Bhutan,BTN,2005,1201.43364840454,3.1,0.61636,46.69151688
Burkina Faso,BFA,2005,442.944430923244,4.0,0.24519,17.50115776
Colombia,COL,2005,3448.53827356214,11.87,0.88527,209.25302124
"Egypt, Arab Rep.",EGY,2005,1133.10546057176,11.049,0.86119,60.99180603
Greece,GRC,2005,22560.1472939077,9.99,0.9704,1935.26757813
"Iran, Islamic Rep.",IRN,2005,3226.61397057427,11.81,0.81564,173.79692078
Madagascar,MDG,2005,311.793126597148,2.62,0.78589,16.22141075
Mexico,MEX,2005,8321.85985639121,3.56,0.85618,485.67388916
Nicaragua,NIC,2005,1158.88132263158,5.37,0.72262,72.13689423
Niger,NER,2005,316.365647830517,3.1,0.44988,18.53794861
Pakistan,PAK,2005,688.500587937743,0.591,0.57416,19.6673584
Peru,PER,2005,2702.23770075461,4.87,0.80694,123.05088806
Spain,ESP,2005,26429.1509449319,9.15,0.98321,2060.32177734
Thailand,THA,2005,2876.24575803293,1.35,0.96039,90.88136292
United Arab Emirates,ARE,2005,42190.5543794633,3.12,0.85054,978.90435791
Algeria,DZA,2006,3500.13460988746,12.27,0.80408,117.43313599
Brazil,BRA,2006,5866.02431314405,9.69,0.82326,483.91915894
Burkina Faso,BFA,2006,457.342074945007,3.658,0.2144,20.64653969
Colombia,COL,2006,3782.60350413031,10.963,0.88514,239.38911438
El Salvador,SLV,2006,2651.43088765876,6.57,0.82304,230.50076294
Indonesia,IDN,2006,1572.79793977879,7.55,0.93343,44.80917358
"Iran, Islamic Rep.",IRN,2006,3736.17779257835,11.52,0.80527,197.78089905
Kuwait,KWT,2006,42970.6631297395,1.3,0.99728,782.64221191
Maldives,MDV,2006,5010.16342385998,8.783,0.9866,403.23681641
Mali,MLI,2006,506.911838801283,1.311,0.32249,27.65664291
Mexico,MEX,2006,9125.3877388645,3.57,0.89006,516.06396484
Pakistan,PAK,2006,770.843339358325,0.58,0.60954,24.65777876
Peru,PER,2006,3123.32015935927,4.17,0.81867,135.87088013
Senegal,SEN,2006,1038.57909218166,10.03,0.44028,39.08563995
Spain,ESP,2006,28389.0785799873,8.45,0.98316,2242.15893555
Sri Lanka,LKA,2006,1423.19062298397,6.5,0.96895,64.823349
Tonga,TON,2006,2751.96001692789,1.09,1.00534,149.31607056
Uganda,UGA,2006,346.768462407263,2.276,0.78165,31.62604523
Uruguay,URY,2006,5942.1266667126,10.84,0.9873,495.71600342
Azerbaijan,AZE,2007,3851.33101236931,6.33,0.9954,74.08601379
Bolivia,BOL,2007,1351.03515410788,2.643,0.83362,63.45651245
Brazil,BRA,2007,7323.19034003928,9.28,0.83012,600.63568115
Burkina Faso,BFA,2007,516.75032795654,3.3,0.30501,27.04532623
Cameroon,CMR,2007,1311.00296320709,3.06,0.66212,48.61966705
Colombia,COL,2007,4762.08297292255,10.25,0.88673,309.03665161
Dominican Republic,DOM,2007,4676.07911069651,5.16,0.87606,191.22145081
Ecuador,ECU,2007,3579.03224391806,3.14,0.87131,191.11447144
El Salvador,SLV,2007,2814.58988893523,6.41,0.80273,238.63465881
Ethiopia,ETH,2007,240.347971955032,2.436,0.40367,11.78915215
Greece,GRC,2007,28863.9732885018,8.4,0.90104,2426.75952148
Honduras,HND,2007,1559.88604406996,3.21,0.82886,126.1158905
Kuwait,KWT,2007,45729.8060441175,1.5,0.99741,881.10369873
Mexico,MEX,2007,9719.9278639964,3.63,0.8767,560.4942627
Moldova,MDA,2007,1531.21618929808,5.07,0.98778,135.44366455
Pakistan,PAK,2007,837.631537927295,0.4,0.59171,26.51110383
Paraguay,PRY,2007,3194.26298162817,4.71,0.95545,160.36560059
Peru,PER,2007,3572.36358879114,4.08,0.82196,158.16543579
Spain,ESP,2007,32591.3503065871,8.23,0.98689,2606.27783203
Tunisia,TUN,2007,3678.06152258903,12.36,0.75607,199.6681366
Uruguay,URY,2007,7149.37463386796,9.4,0.98632,572.52435303
Albania,ALB,2008,4370.53971115737,13.06,0.96574,240.44338989
Algeria,DZA,2008,4946.56401720759,11.33,0.79677,207.84881592
Bolivia,BOL,2008,1687.57856734657,2.6,0.83337,77.74305725
Brazil,BRA,2008,8801.75947547502,8.27,0.8271,705.13397217
Burundi,BDI,2008,194.710634589705,1.63,0.64604,17.98236084
Cambodia,KHM,2008,742.397972379419,0.82,0.82404,49.00638199
Chile,CHL,2008,10783.1708210632,9.29,0.94944,726.73669434
Colombia,COL,2008,5534.68944688199,10.52,0.88827,378.18411255
Ecuador,ECU,2008,4260.43318396471,3.92,0.88172,229.09944153
El Salvador,SLV,2008,2964.172140237,5.88,0.83042,251.8334198
Indonesia,IDN,2008,2144.38954419985,7.21,0.93282,59.79582214
"Iran, Islamic Rep.",IRN,2008,5623.91168097394,10.63,0.81856,297.50875854
Mexico,MEX,2008,10119.8210567984,3.87,0.87477,576.71539307
Morocco,MAR,2008,3180.17065429688,9.57,0.53991,153.10005188
Oman,OMN,2008,22974.2773504319,4.14,0.90119,462.29165649
Pakistan,PAK,2008,914.731489303734,0.42,0.65056,24.80974933
Paraguay,PRY,2008,4360.42910071309,4.42,0.91695,219.66795349
Spain,ESP,2008,35510.7222312701,11.25,0.9866,2995.18603516
Sri Lanka,LKA,2008,2007.02666020999,5.22,0.96911,91.52586365
Sudan,SDN,2008,1585.58251953125,14.8,0.82688,92.22005463
Tunisia,TUN,2008,4200.17378015743,12.44,0.75585,227.52876282
Uruguay,URY,2008,9328.06585662206,8.03,0.98797,803.44226074
Azerbaijan,AZE,2009,4950.39743713656,5.74,1.00042,126.94858551
Belarus,BLR,2009,5352.48959072155,6.1,0.99106,281.03240967
Bolivia,BOL,2009,1725.14628617645,2.97,0.86243,89.26693726
Brazil,BRA,2009,8569.90180523381,9.42,0.83397,719.42651367
Cambodia,KHM,2009,734.815118591223,0.58,0.81361,55.72327423
Chile,CHL,2009,10182.8605646819,11.31,0.94569,738.284729
Colombia,COL,2009,5245.9516649172,11.32,0.89576,383.43283081
Ecuador,ECU,2009,4240.70259271564,4.61,0.88083,241.67927551
El Salvador,SLV,2009,2889.68588721937,7.33,0.82006,255.38142395
Greece,GRC,2009,29828.7560245271,9.62,0.91542,2809.05957031
Indonesia,IDN,2009,2239.09526528198,6.11,0.93324,62.98189545
Kazakhstan,KAZ,2009,7165.22479413309,6.55,0.99753,245.9894104
Kyrgyz Republic,KGZ,2009,871.224220118553,2.788,0.99313,59.76173019
Mexico,MEX,2009,8104.92257319862,5.36,0.88605,496.81427002
Moldova,MDA,2009,1898.43968295549,6.4,0.99194,208.53004456
Morocco,MAR,2009,3118.1416015625,8.96,0.55539,165.44444275
Mozambique,MOZ,2009,531.026967149674,3.19,0.53417,27.63427162
Pakistan,PAK,2009,884.44101417044,0.54,0.60841,23.664251
Paraguay,PRY,2009,3920.18607347104,5.46,0.92406,216.58901978
Senegal,SEN,2009,1323.9712249327,10.194,0.47411,50.8613205
South Africa,ZAF,2009,6444.18672009771,20.51,0.90017,492.94265747
Spain,ESP,2009,32169.5028548583,17.86,0.98777,2937.71826172
Togo,TGO,2009,717.677304981008,2.875,0.59821,29.0416832
Uruguay,URY,2009,9780.73947340076,7.74,1.01174,817.64227295
Vietnam,VNM,2009,1225.84500946092,1.74,0.94889,64.89073181
Azerbaijan,AZE,2010,5843.5337683582,5.63,1.00037,142.61262512
Brazil,BRA,2010,11249.2937410718,8.034,0.82854,893.77508545
Cameroon,CMR,2010,1383.81386416854,4.11,0.63637,49.50485611
Chile,CHL,2010,12767.7820406263,8.41,0.94749,870.70959473
Colombia,COL,2010,6392.75802564032,10.98,0.89882,452.15301514
Dominican Republic,DOM,2010,5509.56805406696,5.21,0.89087,271.26663208
Ecuador,ECU,2010,4640.24634437845,4.09,0.87649,283.82284546
"Egypt, Arab Rep.",EGY,2010,2509.77203417522,8.756,0.78502,107.41892242
El Salvador,SLV,2010,3017.3073947577,4.89,0.82181,268.66708374
Ghana,GHA,2010,1258.96390342222,5.38,0.71181,71.61212158
Guinea,GIN,2010,667.281601915278,4.782,0.35749,22.87328911
Honduras,HND,2010,1874.27170372599,4.12,0.84318,163.53704834
Jordan,JOR,2010,3914.70123105389,12.5,0.93656,319.84109497
Kuwait,KWT,2010,39212.6352806064,1.82,0.99263,1050.42126465
Malaysia,MYS,2010,8880.14603964288,3.39,0.9365,285.02639771
Mali,MLI,2010,688.327865548408,1.333,0.38644,32.20457458
Mexico,MEX,2010,9399.96470859669,5.3,0.88094,539.26550293
Moldova,MDA,2010,2436.7993586401,7.45,0.99196,198.28894043
Mongolia,MNG,2010,2660.28817572742,6.55,0.97163,99.48032379
Oman,OMN,2010,22552.1990071233,4.007,0.91014,558.36657715
Pakistan,PAK,2010,911.089996122843,0.65,0.61844,24.20984124
Panama,PAN,2010,8124.55830734871,5.875,0.8793,608.2467041
Paraguay,PRY,2010,4702.91576988272,4.57,0.92679,257.05856323
Russian Federation,RUS,2010,10674.990234375,7.37,0.99438,567.02624512
South Africa,ZAF,2010,8059.56284101092,23.18,0.89687,628.12860107
Spain,ESP,2010,30532.4805081663,19.86,0.98892,2789.63720703
Sri Lanka,LKA,2010,2836.97409785065,4.78,0.97199,106.14399719
Thailand,THA,2010,4996.37209760091,0.62,0.99721,169.38200378
Timor-Leste,TLS,2010,810.141609538386,3.3,0.55323,52.4311409
Tunisia,TUN,2010,4241.01190951928,13.05,0.77074,237.90208435
Uganda,UGA,2010,824.737671173843,3.587,0.7776,51.96447372
Uruguay,URY,2010,12512.5941268441,7.16,0.98918,1032.65795898
Zambia,ZMB,2010,1469.36145002684,13.19,0.79025,54.64538956
Afghanistan,AFG,2011,621.912413814308,7.947,0.44478,52.36304855
Albania,ALB,2011,4437.14114631148,13.48,0.98363,271.95718384
Armenia,ARM,2011,3462.6817742332,10.917,0.99665,324.65719604
Azerbaijan,AZE,2011,7189.81515142228,5.42,1.00035,172.39854431
Bangladesh,BGD,2011,856.381886818701,3.75,0.73623,23.28593445
Bolivia,BOL,2011,2304.98229547312,2.25,0.85976,119.23861694
Brazil,BRA,2011,13200.5581661879,7.58,0.84332,1028.0847168
Brunei Darussalam,BRN,2011,46139.1068369475,6.69,0.9757,860.07781982
Bulgaria,BGR,2011,7856.9859584228,11.26,0.97951,555.86419678
Chile,CHL,2011,14628.5724573037,7.32,0.93613,994.66607666
Colombia,COL,2011,7392.9435995632,10.11,0.89641,501.26507568
Costa Rica,CRI,2011,9137.45510202159,9.52,0.97016,742.14190674
Croatia,HRV,2011,14623.9905306334,13.68,0.99139,1132.49890137
Cyprus,CYP,2011,32485.802734375,7.86,0.99097,2114.66894531
Dominican Republic,DOM,2011,5859.38154480292,6.09,0.89118,295.19439697
Ecuador,ECU,2011,5202.65645902066,3.46,0.85323,336.99700928
El Salvador,SLV,2011,3304.97418347889,4.3,0.83266,293.3677063
Estonia,EST,2011,17487.8047830923,12.33,0.99957,1015.96826172
Greece,GRC,2011,25483.8825644933,17.86,0.96659,2338.91503906
Honduras,HND,2011,2053.95973112624,4.47,0.84131,180.58157349
India,IND,2011,1449.60330101065,8.168,0.75525,48.32049179
Indonesia,IDN,2011,3613.80088834845,5.15,0.93948,108.03186035
Jordan,JOR,2011,4152.49398098582,12.9,1.0,338.34609985
Latvia,LVA,2011,13338.9622350852,16.21,0.99847,764.59173584
Lithuania,LTU,2011,14376.9478643932,15.39,0.99764,925.47161865
Mali,MLI,2011,810.182556519339,1.352,0.39684,32.52763748
Malta,MLT,2011,23155.1148403386,6.38,1.0017,1960.06115723
Mauritius,MUS,2011,9197.04299089459,7.45,0.9312,385.77191162
Mexico,MEX,2011,10341.5002378026,5.17,0.88716,570.73046875
Montenegro,MNE,2011,7328.79046472761,19.76,0.98494,572.46990967
Namibia,NAM,2011,5873.05938103204,19.46,0.85613,569.14294434
Nepal,NPL,2011,791.225576713285,10.503,0.69396,34.39584351
Pakistan,PAK,2011,1075.45102015496,0.8,0.5988,25.67299627
Portugal,PRT,2011,23217.2954965209,12.68,0.95105,2255.96923828
Romania,ROU,2011,9560.15838000631,7.18,0.98449,426.59973145
Samoa,WSM,2011,3789.62647754408,5.68,0.99433,210.11923218
Senegal,SEN,2011,1383.53911732143,10.36,0.58774,58.30465698
Serbia,SRB,2011,6809.15980400146,22.97,0.97571,618.89422607
South Africa,ZAF,2011,8737.04111019993,21.42,0.90225,694.10058594
Spain,ESP,2011,31677.9003083654,21.39,0.99271,2908.92016602
Togo,TGO,2011,779.763519741879,1.98,0.60975,35.2552681
Tonga,TON,2011,3852.14378759566,1.453,0.99956,155.88771057
Tunisia,TUN,2011,4361.94808936698,18.33,0.77751,267.08099365
Uruguay,URY,2011,14975.5625602187,6.31,0.98121,1232.04626465
"Venezuela, RB",VEN,2011,10877.1123638816,6.9,0.87485,780.71722412
Albania,ALB,2012,4247.63135624709,13.38,0.97876,259.52676392
Azerbaijan,AZE,2012,7495.86194235033,5.19,1.00044,217.79299927
Bangladesh,BGD,2012,876.818006772634,4.099,0.72073,23.89686203
Bhutan,BTN,2012,2470.0721358991,2.05,0.62935,83.64318848
Bolivia,BOL,2012,2562.46678423329,2.07,0.90555,134.63066101
Brazil,BRA,2012,12327.5155558345,7.25,0.84449,953.703125
Cabo Verde,CPV,2012,3583.46171744213,11.127,0.88516,167.49281311
"Congo, Dem. Rep.",COD,2012,412.776260686934,4.49,0.73459,13.62572193
Cuba,CUB,2012,6467.33791422804,3.46,0.99708,601.42425537
Dominican Republic,DOM,2012,6049.47161121834,6.72,0.8996,305.4364624
Ecuador,ECU,2012,5678.45572070003,3.23,0.86831,383.99121094
"Egypt, Arab Rep.",EGY,2012,3059.13542779204,12.597,0.79428,142.75941467
Guatemala,GTM,2012,3355.03459892096,2.76,0.82446,200.33554077
Honduras,HND,2012,2107.34548058009,3.75,0.8612,182.42372131
"Iran, Islamic Rep.",IRN,2012,8329.00206687522,12.27,0.82126,513.45489502
Jordan,JOR,2012,4386.4618185538,12.2,1.0,342.94042969
Kuwait,KWT,2012,51271.148649557,2.318,0.98018,1196.20715332
Madagascar,MDG,2012,504.173737790664,0.6,0.70937,19.27203178
Mexico,MEX,2012,10376.0904951074,4.89,0.90223,587.82843018
Moldova,MDA,2012,3044.80847876248,5.58,0.9914,223.61895752
Morocco,MAR,2012,3164.00463867188,8.99,0.69915,172.05938721
Niger,NER,2012,525.047284446867,2.18,0.3992,22.56604767
Pakistan,PAK,2012,1109.67873521456,1.864,0.63162,26.28877595
Paraguay,PRY,2012,5621.24402638513,4.09,0.92508,367.14849854
Peru,PER,2012,6475.71941703429,3.24,0.86897,307.31854248
Rwanda,RWA,2012,706.139033962179,11.858,0.79115,57.216465
Sao Tome and Principe,STP,2012,1319.90083269011,13.59,0.95858,86.12266541
South Africa,ZAF,2012,8173.8691381716,21.79,0.90283,654.25469971
Spain,ESP,2012,28322.9465923276,24.79,0.9939,2590.2253418
Suriname,SUR,2012,8922.95618613502,8.1,0.8876,409.34564209
Tanzania,TZA,2012,854.543212890625,3.256,0.7699,41.63511276
Uganda,UGA,2012,796.711139328563,3.55,0.77962,55.14218903
Uruguay,URY,2012,16087.2520777973,6.45,0.98937,1332.7512207
Azerbaijan,AZE,2013,7875.3446110554,4.97,1.00017,234.2353363
Bangladesh,BGD,2013,973.773900233539,4.43,0.76953,27.40725899
Bosnia and Herzegovina,BIH,2013,5025.24065229631,27.49,0.97294,474.1942749
Brazil,BRA,2013,12258.5648491717,7.07,0.84701,977.81689453
Chile,CHL,2013,15833.2759194461,6.2,0.9289,1183.62084961
Dominican Republic,DOM,2013,6171.29506392047,7.35,0.90402,303.37979126
Ecuador,ECU,2013,6050.3546113274,3.08,0.90662,411.50024414
"Egypt, Arab Rep.",EGY,2013,3088.8908340843,13.154,0.81643,142.59768677
El Salvador,SLV,2013,3555.16209958481,3.69,0.85447,321.82662964
Guatemala,GTM,2013,3522.76754110253,3.02,0.81352,198.33766174
Honduras,HND,2013,2064.55051938928,5.65,0.84837,175.01651001
"Iran, Islamic Rep.",IRN,2013,6280.68186752661,10.6,0.82022,408.33044434
Mexico,MEX,2013,10865.6872912453,4.91,0.89533,631.21337891
Pakistan,PAK,2013,1126.04077606401,2.95,0.61279,28.99807867
Paraguay,PRY,2013,6435.82655022784,4.38,0.94415,390.28686523
Philippines,PHL,2013,2847.56795417743,3.5,0.96499,121.70754242
Senegal,SEN,2013,1391.53219002002,8.589,0.54364,61.02893066
Spain,ESP,2013,29077.1820557566,26.09,0.99284,2629.47631836
Thailand,THA,2013,6041.13401347979,0.25,0.9596,208.60844421
Uruguay,URY,2013,18140.8919180672,6.44,0.98644,1500.72717285
Uzbekistan,UZB,2013,2419.71874381787,4.86,1.00001,139.58699036
Angola,AGO,2014,5059.08044128816,9.58,0.51763,130.74234009
Azerbaijan,AZE,2014,7890.83525042681,4.91,1.00016,260.82696533
Bangladesh,BGD,2014,1108.51495720707,4.393,0.76606,30.29579544
Brazil,BRA,2014,12071.4046547485,6.76,0.85249,1013.56842041
Burkina Faso,BFA,2014,767.371344245295,4.206,0.3653,38.37065506
Burundi,BDI,2014,257.818557465694,1.57,0.69762,18.59082222
Cambodia,KHM,2014,1098.07453750857,0.69,0.82293,73.5883255
Colombia,COL,2014,8167.47284156278,8.57,0.90456,586.67822266
Cote d'Ivoire,CIV,2014,2124.01943006075,3.475,0.49853,79.31149292
Dominican Republic,DOM,2014,6533.67096798065,6.72,0.90462,313.45751953
Ecuador,ECU,2014,6374.6314856366,3.48,0.93238,428.62841797
Georgia,GEO,2014,4739.27780775509,17.44,0.99446,369.13842773
Guatemala,GTM,2014,3779.62604225079,2.72,0.80624,216.79504395
Guinea,GIN,2014,774.56903955885,4.916,0.31735,37.08630371
Honduras,HND,2014,2164.42451571622,7.08,0.85187,171.30480957
Indonesia,IDN,2014,3476.62485432866,4.05,0.95492,103.05883789
"Iran, Islamic Rep.",IRN,2014,5757.54333261849,10.68,0.82237,375.28466797
Maldives,MDV,2014,8872.12866368996,7.521,0.98687,702.09460449
Mexico,MEX,2014,11076.1341141975,4.81,0.90733,615.10314941
Moldova,MDA,2014,3289.16784588695,3.73,0.99716,230.76982117
Pakistan,PAK,2014,1173.39230924409,1.83,0.60916,33.04523914
Paraguay,PRY,2014,6629.4265185753,5.03,0.93984,439.34469604
Peru,PER,2014,6614.83049889676,3.21,0.87538,331.78091431
Rwanda,RWA,2014,724.728681179813,11.876,0.77353,50.62351608
South Africa,ZAF,2014,6965.1378973693,22.61,0.91165,547.83441162
Spain,ESP,2014,29513.65118004,24.44,0.99126,2679.51538086
Tunisia,TUN,2014,4398.63869540854,14.26,0.74935,283.7175293
Uruguay,URY,2014,18131.5788465661,6.55,0.98577,1480.01989746
Uzbekistan,UZB,2014,2628.4600544321,5.09,0.99992,117.57342529
Azerbaijan,AZE,2015,5500.50462041954,4.96,1.00012,220.98165894
Bangladesh,BGD,2015,1236.00439770048,4.371,0.76217,33.53680038
Bolivia,BOL,2015,2975.64881143063,3.11,0.86884,194.92401123
Brazil,BRA,2015,8783.21441310718,8.56,0.85212,782.52294922
Cabo Verde,CPV,2015,3169.0789154116,11.81,0.89916,139.48536682
Cambodia,KHM,2015,1170.74281578324,0.39,0.84326,72.51950836
Chile,CHL,2015,13569.9481274733,6.49,0.9448,1133.27978516
Colombia,COL,2015,6228.65162186096,8.3,0.90183,468.58853149
Dominican Republic,DOM,2015,6838.9367346602,7.61,0.91042,322.94607544
Ecuador,ECU,2015,6130.58667556768,3.62,0.92129,459.27081299
El Salvador,SLV,2015,3761.51368000275,4.0,0.86656,329.44250488
"Gambia, The",GMB,2015,611.671217782995,6.814,0.57355,19.42744446
Honduras,HND,2015,2257.22528369354,6.15,0.87081,168.92593384
Indonesia,IDN,2015,3322.58167907656,4.51,0.95363,97.16175842
Kuwait,KWT,2015,29315.1960719019,2.2,0.98415,1235.61889648
Lao PDR,LAO,2015,2125.45905698314,2.521,0.85205,52.15144348
Mali,MLI,2015,723.504204968944,1.361,0.42885,29.7465477
Mexico,MEX,2015,9753.40056232226,4.31,0.90065,558.1651001
Mozambique,MOZ,2015,594.226917756451,3.43,0.56958,39.91206741
Oman,OMN,2015,18777.4330589162,3.384,0.90735,765.78533936
Paraguay,PRY,2015,5861.38972416093,4.56,0.94462,392.22418213
Peru,PER,2015,6180.11879937394,3.27,0.88271,310.26644897
Philippines,PHL,2015,2974.29692047629,3.07,0.98007,115.94628143
South Africa,ZAF,2015,6204.92990145846,22.87,0.91136,499.36334229
Spain,ESP,2015,25754.36102944,22.06,0.99137,2349.11987305
Tanzania,TZA,2015,929.107238769531,2.144,0.77005,32.90985107
Thailand,THA,2015,5708.79414662172,0.6,0.95749,219.91911316
Togo,TGO,2015,760.242911612052,2.2,0.61682,37.41205215
Uruguay,URY,2015,16950.7533762432,7.49,0.98908,1410.3215332
Uzbekistan,UZB,2015,2753.97105783086,5.15,0.99992,131.74842834
Azerbaijan,AZE,2016,3880.68626683773,5.0,1.00012,153.21563721
Bangladesh,BGD,2016,1659.96248898672,4.35,0.81387,39.55920792
Brazil,BRA,2016,8680.73542054827,11.74,0.86361,795.93798828
Chad,TCD,2016,691.98007735414,1.118,0.32797,35.31919098
Colombia,COL,2016,5936.26102166829,8.69,0.91076,447.23580933
"Congo, Dem. Rep.",COD,2016,456.027950503848,4.479,0.73827,19.91032028
Dominican Republic,DOM,2016,7191.06971254766,7.28,0.92682,329.10879517
Ecuador,ECU,2016,6079.08873612077,4.6,0.92407,442.55380249
El Salvador,SLV,2016,3870.31298246063,4.42,0.87064,337.27490234
Honduras,HND,2016,2295.53623075587,6.73,0.88452,176.97315979
Indonesia,IDN,2016,3558.81885174287,4.3,0.9539,107.52870941
"Iran, Islamic Rep.",IRN,2016,5497.24323256491,12.62,0.82567,437.67251587
Malaysia,MYS,2016,9555.64733478683,3.44,0.94677,353.64028931
Maldives,MDV,2016,9640.31919054401,5.77,0.97279,993.4720459
Mexico,MEX,2016,8875.08206876137,3.86,0.91371,492.87402344
Paraguay,PRY,2016,5759.01833315657,5.25,0.93625,384.44702148
Peru,PER,2016,6163.86117862599,3.74,0.88858,311.43518066
Serbia,SRB,2016,5765.20335248009,15.26,0.98809,486.42944336
Spain,ESP,2016,26537.1594894549,19.64,0.99243,2376.62280273
Sri Lanka,LKA,2016,4107.82976157993,4.24,0.97105,148.61651611
Uruguay,URY,2016,16837.9403803049,7.84,0.98535,1454.54711914
Uzbekistan,UZB,2016,2704.67718855008,5.16,0.9999,129.1242218
Armenia,ARM,2017,4041.99507231389,12.944,0.99678,418.86001587
Azerbaijan,AZE,2017,4147.19861886412,4.96,1.00014,151.614151
Bangladesh,BGD,2017,1815.61019133661,4.37,0.81577,42.27734375
Bhutan,BTN,2017,3240.70632594822,3.056,0.69797,103.39090729
Brazil,BRA,2017,9896.7175109967,12.93,0.86856,937.34289551
Burundi,BDI,2017,244.145422138192,1.166,0.74898,20.7039566
Chile,CHL,2017,15045.5278507601,6.95,0.94404,1367.71643066
Ecuador,ECU,2017,6246.40425217932,3.84,0.89261,464.01971436
"Egypt, Arab Rep.",EGY,2017,2439.96728439968,11.767,0.79681,107.98847961
El Salvador,SLV,2017,3986.04901435439,4.39,0.88196,335.73712158
Fiji,FJI,2017,5825.19881260364,4.261,0.99667,185.6439209
Kuwait,KWT,2017,29258.289635943,2.198,0.98462,1361.48278809
Malaysia,MYS,2017,9979.70475684195,3.41,0.946,370.71844482
Mexico,MEX,2017,9434.37817948243,3.42,0.9113,514.88970947
Mozambique,MOZ,2017,462.699970143116,3.453,0.60323,36.26086807
Pakistan,PAK,2017,1567.64061969895,3.913,0.64124,43.41279855
Peru,PER,2017,6676.3077877014,3.69,0.88207,333.11575317
Senegal,SEN,2017,1385.19921458889,4.08,0.70064,57.67406845
South Africa,ZAF,2017,6734.47515312493,23.99,0.84708,536.77722168
Sri Lanka,LKA,2017,4388.20190753404,4.05,0.96974,146.1681366
Uruguay,URY,2017,18995.3970195554,7.89,0.9894,1655.83239746
Bangladesh,BGD,2018,1963.41270740562,4.38,0.82361,44.74491119
Brazil,BRA,2018,9121.02009249958,12.46,0.86948,863.28173828
Colombia,COL,2018,6782.0379203319,9.11,0.91521,517.15844727
Honduras,HND,2018,2457.68601233921,5.62,0.85944,177.64666748
Indonesia,IDN,2018,3902.66167542693,4.39,0.95629,111.91187286
Kuwait,KWT,2018,32012.1352035471,2.158,0.98352,1660.9864502
Malaysia,MYS,2018,11073.9785943006,3.3,0.95207,416.32000732
Mali,MLI,2018,856.35659593664,1.62,0.4221,31.96352005
Mexico,MEX,2018,9857.00748742213,3.27,0.9202,530.64788818
Panama,PAN,2018,16156.0742942819,5.218,0.89506,1228.07336426
Paraguay,PRY,2018,6242.96150239538,6.22,0.94437,421.08627319
Peru,PER,2018,6912.10462268352,3.49,0.88472,363.42483521
Rwanda,RWA,2018,768.964130260141,12.1,0.80236,51.54394531
Spain,ESP,2018,30379.7211126417,15.25,0.99352,2741.39794922
Sri Lanka,LKA,2018,4360.58474164383,4.32,0.97153,159.4646759
Thailand,THA,2018,7124.55886705161,0.77,0.96033,275.67111206
Uruguay,URY,2018,19026.04961089,8.34,0.99011,1697.01452637
Uzbekistan,UZB,2018,1604.25864157357,5.856,0.99991,82.33687592
Bangladesh,BGD,2019,2122.0783861524,4.382,0.83202,47.66782379
